Label,# Samples,Average,Min,Max,Std. Dev.,Error %,Throughput,Received KB/sec,Sent KB/sec,Avg. Bytes
Home,10,50506,50298,50707,142.97,100.000%,.19489,1.31,0.03,6870.0
List Products,10,0,0,0,0.00,100.000%,9.86193,11.81,0.00,1226.0
Look at Product,10,0,0,0,0.00,100.000%,9.86193,11.69,0.00,1214.0
Login,10,25008,25004,25010,1.73,100.000%,.38429,2.59,0.10,6897.0
Add Product to Cart,10,20001,20000,20002,0.45,100.000%,.47583,3.00,0.13,6454.0
Add n Products to Cart,110,19189,10720,20003,2568.31,100.000%,.51950,3.10,0.13,6116.5
TOTAL,160,19162,0,50707,10677.91,100.000%,.52109,2.86,0.11,5621.4
