Label,# Samples,Average,Min,Max,Std. Dev.,Error %,Throughput,Received KB/sec,Sent KB/sec,Avg. Bytes
Home,75790,7,1,43,3.15,0.001%,251.06086,2235.50,35.06,9117.9
Login,75789,19,6,57,4.49,0.004%,251.06170,2561.55,248.31,10447.7
List Products,75786,19,0,132,8.20,0.011%,251.06424,29166.37,188.00,118959.1
Look at Product,75778,37,7,147,11.50,0.009%,251.05354,27885.64,184.97,113740.3
Add Product to Cart,75771,39,2,163,11.76,0.012%,251.03866,6842.29,424.09,27910.1
List Products with different page,75762,19,5,112,6.58,0.007%,251.01716,29136.65,218.76,118860.1
Add Product 2 to Cart,75757,41,1,150,12.06,0.020%,251.00642,7009.02,483.45,28593.8
Logout,75742,11,2,42,3.64,0.003%,250.96587,2652.21,444.94,10821.7
TOTAL,606175,24,0,163,14.91,0.008%,2007.99322,107473.93,2227.19,54807.6
